Sub3Vox1 ID,VGGFace1 ID,Gender,Nationality,Set
id10001,A.J._Buckley,m,Ireland,eval1
id10002,A.R._Rahman,m,India,eval1
id10003,Aamir_Khan,m,India,eval1
id10004,Aaron_Tveit,m,USA,eval1
id10005,Aaron_Yoo,m,USA,eval1
id10006,Abbie_Cornish,f,Australia,eval1
id10007,Abigail_Breslin,f,USA,eval1
id10008,Abigail_Spencer,f,USA,eval1
id10009,Adam_Beach,m,Canada,eval1
id10010,Adam_Brody,m,USA,eval1
id10011,Adam_Copeland,m,Canada,eval1
id10012,Adam_Driver,m,USA,eval1
id10013,Adrianne_Curry,f,USA,eval1
id10014,Adrianne_Palicki,f,USA,eval1
id10015,Agyness_Deyn,f,UK,eval1
id10016,Aidan_Turner,m,Ireland,eval1
id10017,Ajay_Devgn,m,India,eval1
id10018,Akshay_Kumar,m,India,eval1
id10019,Alain_Delon,m,Norway,eval1
id10020,Alan_Alda,m,USA,eval1
id10021,Alan_Cumming,m,UK,eval1
id10022,Alan_Rickman,m,UK,eval1
id10023,Alan_Tudyk,m,USA,eval1
id10024,Alba_Rohrwacher,f,Italy,eval1
id10025,Aldis_Hodge,m,USA,eval1
id10026,Alex_Borstein,f,USA,eval1
id10027,Alex_Kingston,f,UK,eval1
id10028,Alex_Pettyfer,m,UK,eval1
id10029,Alex_Trebek,m,USA,eval1
id10030,Alexa_Davalos,f,Norway,eval1
id10031,Alexander_Siddig,m,Sudan,eval1
id10032,Alexandra_Daddario,f,USA,eval1
id10033,Alexandra_Roach,f,UK,eval1
id10034,Alexz_Johnson,f,Canada,eval1
id10035,Alfre_Woodard,f,USA,eval1
id10036,Alice_Eve,f,UK,eval1
id10037,Alicja_Bachleda,f,Mexico,eval1
id10038,Alison_Arngrim,f,USA,eval1
id10039,Alison_Pill,f,Canada,eval1
id10040,Allison_Williams,f,USA,eval1
id10041,Amanda_Seyfried,f,USA,eval1
id10042,Amaury_Nolasco,m,USA,eval1
id10043,Amber_Riley,f,USA,eval1
id10044,America_Ferrera,f,USA,eval1
id10045,Amitabh_Bachchan,m,India,eval1
id10046,Amy_Poehler,f,USA,eval1
id10047,Amy_Schumer,f,USA,eval1
id10048,Ana_Gasteyer,f,USA,eval1
id10049,Andre_Braugher,m,USA,eval1
id10050,Andrea_Riseborough,f,UK,eval1
id10051,Andrew_Dice_Clay,m,USA,eval1
id10052,Andrew_Garfield,m,USA,eval1
id10053,Andrew_Lee_Potts,m,UK,eval1
id10054,Andrew_Rannells,m,USA,eval1
id10055,Andrew_Scott,m,Ireland,eval1
id10056,Andy_Richter,m,USA,eval1
id10057,Andy_Samberg,m,USA,eval1
id10058,Aneurin_Barnard,m,UK,eval1
id10059,Ang_Lee,m,USA,eval1
id10060,Angela_Kinsey,f,USA,eval1
id10061,Anne_Hathaway,f,USA,eval1
id10062,Ansel_Elgort,m,USA,eval1
id10063,Anthony_Anderson,m,USA,eval1
id10064,Anthony_Mackie,m,USA,eval1
id10065,Anthony_Rapp,m,USA,eval1
id10066,Anton_Yelchin,m,USA,eval1
id10067,Antonio_Cupo,m,Canada,eval1
id10068,Arden_Cho,f,USA,eval1
id10069,Armand_Assante,m,USA,eval1
id10070,Armie_Hammer,m,USA,eval1
id10071,Asa_Butterfield,m,UK,eval1
id10072,Ashley_Greene,f,USA,eval1
id10073,Ashley_Jensen,f,UK,eval1
id10074,Audra_McDonald,f,USA,eval1
id10075,Audrina_Patridge,f,USA,eval1
id10076,Avan_Jogia,m,Canada,eval1
id10077,B.J._Novak,m,USA,eval1
id10078,Barbara_Eden,f,USA,eval1
id10079,Barbara_Hershey,f,USA,eval1
id10080,Bear_Grylls,m,UK,eval1
id10081,Bellamy_Young,f,USA,eval1
id10082,Ben_Feldman,m,USA,eval1
id10083,Ben_McKenzie,m,USA,eval1
id10084,Ben_Stiller,m,USA,eval1
id10085,Ben_Whishaw,m,UK,eval1
id10086,Beth_Grant,f,USA,eval1
id10087,Bethany_Mota,f,USA,eval1
id10088,Betty_White,f,USA,eval1
id10089,Bill_Nighy,m,UK,eval1
id10090,Bill_Pullman,m,USA,eval1
id10091,Billie_Joe_Armstrong,m,USA,eval1
id10092,Bingbing_Li,f,China,eval1
id10093,Blair_Underwood,m,USA,eval1
id10094,Blake_Michael,m,USA,eval1
id10095,Blake_Shelton,m,USA,eval1
id10096,Bob_Barker,m,USA,eval1
id10097,Bobby_Cannavale,m,USA,eval1
id10098,Bonnie_Wright,f,UK,eval1
id10099,Booboo_Stewart,m,USA,eval1
id10100,Brad_Paisley,m,USA,eval1
id10101,Bradley_Steven_Perry,m,USA,eval1
id10102,Breckin_Meyer,m,USA,eval1
id10103,Brenda_Blethyn,f,UK,eval1
id10104,Brendan_Gleeson,m,Ireland,eval1
id10105,Brett_Davern,m,USA,eval1
id10106,Brian_Blessed,m,UK,eval1
id10107,Brian_Cox,m,UK,eval1
id10108,Brian_Dennehy,m,USA,eval1
id10109,Bridget_Moynahan,f,USA,eval1
id10110,Bridget_Regan,f,USA,eval1
id10111,Brit_Marling,f,USA,eval1
id10112,Brooke_Burke-Charvet,f,USA,eval1
id10113,Bruce_Boxleitner,m,USA,eval1
id10114,Bruno_Ganz,m,Switzerland,eval1
id10115,Bruno_Mars,m,USA,eval1
id10116,Burt_Reynolds,m,USA,eval1
id10117,CCH_Pounder,f,Guyana,eval1
id10118,Caitriona_Balfe,f,Ireland,eval1
id10119,Caity_Lotz,f,USA,eval1
id10120,Callan_McAuliffe,m,Australia,eval1
id10121,Callie_Thorne,f,USA,eval1
id10122,Cameron_Boyce,m,USA,eval1
id10123,Candace_Cameron_Bure,f,USA,eval1
id10124,Candice_Accola,f,USA,eval1
id10125,Candice_Patton,f,USA,eval1
id10126,Caroline_Rhea,f,Canada,eval1
id10127,Carolyn_Hennesy,f,USA,eval1
id10128,Carrie_Ann_Inaba,f,USA,eval1
id10129,Carrie_Fisher,f,USA,eval1
id10130,Carrie_Underwood,f,USA,eval1
id10131,Casey_Affleck,m,USA,eval1
id10132,Casey_Wilson,f,USA,eval1
id10133,Cassandra_Peterson,f,USA,eval1
id10134,Caterina_Murino,f,Italy,eval1
id10135,Caterina_Scorsone,f,Canada,eval1
id10136,Catherine_Hardwicke,f,USA,eval1
id10137,Cedric_the_Entertainer,m,USA,eval1
id10138,Celia_Imrie,f,UK,eval1
id10139,Chace_Crawford,m,USA,eval1
id10140,Chadwick_Boseman,m,USA,eval1
id10141,Charice,f,Philippines,eval1
id10142,Charles_Dance,m,UK,eval1
id10143,Charles_S._Dutton,m,USA,eval1
id10144,Charlie_Day,m,USA,eval1
id10145,Charlotte_Gainsbourg,f,UK,eval1
id10146,Chazz_Palminteri,m,USA,eval1
id10147,Chelsea_Handler,f,USA,eval1
id10148,Cher,f,USA,eval1
id10149,Cheryl_Ladd,f,USA,eval1
id10150,Chi_McBride,m,USA,eval1
id10151,Chiwetel_Ejiofor,m,UK,eval1
id10152,Chloe_Bennet,f,USA,eval1
id10153,Chloe_Dykstra,f,USA,eval1
id10154,Chris_Colfer,m,USA,eval1
id10155,Chris_Hemsworth,m,Australia,eval1
id10156,Chris_Lowell,m,USA,eval1
id10157,Chris_Martin,m,UK,eval1
id10158,Chris_Messina,m,USA,eval1
id10159,Chris_Pine,m,USA,eval1
id10160,Christian_Kane,m,USA,eval1
id10161,Christina_Hendricks,f,USA,eval1
id10162,Christina_Ricci,f,USA,eval1
id10163,Christopher_Mintz-Plasse,m,USA,eval1
id10164,Cierra_Ramirez,f,USA,eval1
id10165,Cilla_Black,f,UK,eval1
id10166,Cillian_Murphy,m,Ireland,eval1
id10167,Cindy_Williams,f,USA,eval1
id10168,Claudia_Black,f,Australia,eval1
id10169,Claudia_Lee,f,USA,eval1
id10170,Cliff_Curtis,m,NewZealand,eval1
id10171,Clive_Owen,m,UK,eval1
id10172,Colin_Donnell,m,USA,eval1
id10173,Constance_Zimmer,f,USA,eval1
id10174,Corbin_Bleu,m,USA,eval1
id10175,Corey_Stoll,m,USA,eval1
id10176,Cory_Monteith,m,Canada,eval1
id10177,Costas_Mandylor,m,Australia,eval1
id10178,Cote_de_Pablo,f,USA,eval1
id10179,Cristin_Milioti,f,USA,eval1
id10180,Cyndi_Lauper,f,USA,eval1
id10181,Dakota_Fanning,f,USA,eval1
id10182,Damian_Lewis,m,UK,eval1
id10183,Damon_Lindelof,m,USA,eval1
id10184,Damon_Wayans,m,USA,eval1
id10185,Dan_Aykroyd,m,Canada,eval1
id10186,Dan_Fogler,m,USA,eval1
id10187,Dan_Stevens,m,UK,eval1
id10188,Dana_Delany,f,USA,eval1
id10189,Dane_Cook,m,USA,eval1
id10190,Danica_McKellar,f,USA,eval1
id10191,Daniel_Auteuil,m,Norway,eval1
id10192,Daniel_Craig,m,UK,eval1
id10193,Daniel_Dae_Kim,m,USA,eval1
id10194,Daniel_Tosh,m,USA,eval1
id10195,Danielle_Campbell,f,USA,eval1
id10196,Danielle_Panabaker,f,USA,eval1
id10197,Danny_Dyer,m,UK,eval1
id10198,Danny_McBride,m,USA,eval1
id10199,Danny_Pino,m,USA,eval1
id10200,Darren_Criss,m,USA,eval1
id10201,Dave_Bautista,m,USA,eval1
id10202,Dave_Foley,m,Canada,eval1
id10203,David_Attenborough,m,UK,eval1
id10204,David_Cassidy,m,USA,eval1
id10205,David_Faustino,m,USA,eval1
id10206,David_Giuntoli,m,USA,eval1
id10207,David_Harewood,m,UK,eval1
id10208,David_Henrie,m,USA,eval1
id10209,David_Jason,m,UK,eval1
id10210,David_Koechner,m,USA,eval1
id10211,David_Kross,m,Germany,eval1
id10212,David_Letterman,m,USA,eval1
id10213,David_Lyons,m,Australia,eval1
id10214,David_Mamet,m,USA,eval1
id10215,David_Mazouz,m,Mexico,eval1
id10216,David_Morrissey,m,UK,eval1
id10217,David_Morse,m,USA,eval1
id10218,David_Oyelowo,m,UK,eval1
id10219,David_Schwimmer,m,USA,eval1
id10220,David_Suchet,m,UK,eval1
id10221,David_Tennant,m,UK,eval1
id10222,David_Warner,m,Australia,eval1
id10223,David_Wenham,m,Australia,eval1
id10224,David_Zayas,m,USA,eval1
id10225,Dawn_French,f,UK,eval1
id10226,Dawn_Wells,f,USA,eval1
id10227,Dean_Cain,m,USA,eval1
id10228,Debi_Mazar,f,USA,eval1
id10229,Debra_Jo_Rupp,f,USA,eval1
id10230,Deidre_Hall,f,USA,eval1
id10231,Della_Reese,f,USA,eval1
id10232,Demian_Bichir,m,Mexico,eval1
id10233,Denis_Leary,m,USA,eval1
id10234,Denise_Crosby,f,USA,eval1
id10235,Derek_Jacobi,m,UK,eval1
id10236,Derek_Mears,m,USA,eval1
id10237,Derek_Theler,m,USA,eval1
id10238,Dermot_Mulroney,m,USA,eval1
id10239,Diablo_Cody,f,USA,eval1
id10240,Diane_Keaton,f,USA,eval1
id10241,Diane_Kruger,f,Germany,eval1
id10242,Dick_Van_Dyke,m,USA,eval1
id10243,Diego_Klattenhoff,m,Canada,eval1
id10244,Diego_Luna,m,Mexico,eval1
id10245,Diogo_Morgado,m,Portugal,eval1
id10246,Domhnall_Gleeson,m,Ireland,eval1
id10247,Dominic_Cooper,m,UK,eval1
id10248,Don_Rickles,m,USA,eval1
id10249,Donal_Logue,m,Canada,eval1
id10250,Donald_Glover,m,USA,eval1
id10251,Donald_Sutherland,m,Canada,eval1
id10252,Donna_Mills,f,USA,eval1
id10253,Donna_Murphy,f,USA,eval1
id10254,Donnie_Yen,m,China,eval1
id10255,Dot-Marie_Jones,f,USA,eval1
id10256,Douglas_Booth,m,UK,eval1
id10257,Dougray_Scott,m,UK,eval1
id10258,Doutzen_Kroes,f,Netherlands,eval1
id10259,Dove_Cameron,f,USA,eval1
id10260,Dr._Dre,m,USA,eval1
id10261,Drake_Bell,m,USA,eval1
id10262,Drea_de_Matteo,f,USA,eval1
id10263,Dreama_Walker,f,USA,eval1
id10264,Drew_Carey,m,USA,eval1
id10265,Drew_Roy,m,USA,eval1
id10266,Dustin_Milligan,m,Canada,eval1
id10267,Dyan_Cannon,f,USA,eval1
id10268,Dylan_McDermott,m,USA,eval1
id10269,Dylan_Moran,m,Ireland,eval1
id10270,Eartha_Kitt,f,USA,eval2
id10271,Ed_Westwick,m,UK,eval2
id10272,Eddie_Griffin,m,USA,eval2
id10273,Eddie_Izzard,m,UK,eval2
id10274,Eddie_Kaye_Thomas,m,USA,eval2
id10275,Eddie_McClintock,m,USA,eval2
id10276,Edgar_Wright,m,UK,eval2
id10277,Eduardo_Noriega,m,Spain,eval2
id10278,Edward_Asner,m,USA,eval2
id10279,Efren_Ramirez,m,USA,eval2
id10280,Elaine_Cassidy,f,Ireland,eval2
id10281,Elaine_Hendrix,f,USA,eval2
id10282,Eleanor_Tomlinson,f,UK,eval2
id10283,Eli_Roth,m,USA,eval2
id10284,Eli_Wallach,m,USA,eval2
id10285,Elisabeth_Moss,f,USA,eval2
id10286,Elle_Fanning,f,USA,eval2
id10287,Ellen_Burstyn,f,USA,eval2
id10288,Ellen_Wong,f,Canada,eval2
id10289,Elodie_Yung,f,France,eval2
id10290,Emile_Hirsch,m,USA,eval2
id10291,Emily_Atack,f,UK,eval2
id10292,Emraan_Hashmi,m,India,eval2
id10293,Eoin_Macken,m,Ireland,eval2
id10294,Eric_Braeden,m,USA,eval2
id10295,Eric_Dane,m,USA,eval2
id10296,Eric_McCormack,m,USA,eval2
id10297,Eric_Roberts,m,USA,eval2
id10298,Erik_Estrada,m,USA,eval2
id10299,Erin_Andrews,f,USA,eval2
id10300,Ernest_Borgnine,m,USA,eval2
id10301,Ernie_Hudson,m,USA,eval2
id10302,Esai_Morales,m,USA,eval2
id10303,Estelle_Harris,f,USA,eval2
id10304,Eugene_Levy,m,Canada,eval2
id10305,Eugenio_Derbez,m,Mexico,eval2
id10306,Eva_Green,f,Norway,eval2
id10307,Eva_Longoria,f,USA,eval2
id10308,Evanna_Lynch,f,Ireland,eval2
id10309,Ezra_Miller,m,USA,eval2
id10310,Fanny_Ardant,f,Norway,eval1
id10311,Farrah_Abraham,f,USA,eval1
id10312,Fawad_Khan,m,Pakistan,eval1
id10313,Felicia_Day,f,USA,eval1
id10314,Felicity_Jones,f,UK,eval1
id10315,Fergie,f,USA,eval1
id10316,Finola_Hughes,f,UK,eval1
id10317,Fiona_Shaw,f,Ireland,eval1
id10318,Florence_Henderson,f,USA,eval1
id10319,Forest_Whitaker,m,USA,eval1
id10320,Francia_Raisa,f,USA,eval1
id10321,Fred_Williamson,m,USA,eval1
id10322,Freddie_Highmore,m,UK,eval1
id10323,Freema_Agyeman,f,UK,eval1
id10324,Freida_Pinto,f,India,eval1
id10325,Garrett_Hedlund,m,USA,eval1
id10326,Garry_Marshall,m,USA,eval1
id10327,Gary_Busey,m,USA,eval1
id10328,Gaspard_Ulliel,m,Norway,eval1
id10329,Gates_McFadden,f,USA,eval1
id10330,Geena_Davis,f,USA,eval1
id10331,Gemma_Arterton,f,UK,eval1
id10332,Gemma_Atkinson,f,UK,eval1
id10333,Geri_Halliwell,f,UK,eval1
id10334,Gilles_Marini,m,Norway,eval1
id10335,Gillian_Jacobs,f,USA,eval1
id10336,Gina_Carano,f,USA,eval1
id10337,Ginger_Rogers,f,USA,eval1
id10338,Ginnifer_Goodwin,f,USA,eval1
id10339,Giovanni_Ribisi,m,USA,eval1
id10340,Giuliana_Rancic,f,Italy,eval1
id10341,Glen_Hansard,m,Ireland,eval1
id10342,Glenn_Close,f,USA,eval1
id10343,Gloria_Steinem,f,USA,eval1
id10344,Golshifteh_Farahani,f,Norway,eval1
id10345,Goran_Visnjic,m,Croatia,eval1
id10346,Gordon_Ramsay,m,UK,eval1
id10347,Grant_Bowler,m,Australia,eval1
id10348,Greer_Garson,f,UK,eval1
id10349,Greg_Finley,m,USA,eval1
id10350,Greg_Grunberg,m,USA,eval1
id10351,Gregg_Sulkin,m,UK,eval1
id10352,Greta_Gerwig,f,USA,eval1
id10353,Gugu_Mbatha-Raw,f,UK,eval1
id10354,Guillaume_Canet,m,Norway,eval1
id10355,Guy_Pearce,m,Australia,eval1
id10356,Gwendoline_Christie,f,UK,eval1
id10357,Hailee_Steinfeld,f,USA,eval1
id10358,Hal_Sparks,m,USA,eval1
id10359,Hannah_Simone,f,UK,eval1
id10360,Hannah_Spearritt,f,UK,eval1
id10361,Hans_Zimmer,m,Germany,eval1
id10362,Harry_Connick_Jr.,m,USA,eval1
id10363,Harry_Shum_Jr.,m,USA,eval1
id10364,Harry_Treadaway,m,UK,eval1
id10365,Harvey_Keitel,m,USA,eval1
id10366,Hayley_Marie_Norman,f,USA,eval1
id10367,Heather_Graham,f,USA,eval1
id10368,Hector_Elizondo,m,USA,eval1
id10369,Heidi_Montag,f,USA,eval1
id10370,Heike_Makatsch,f,Germany,eval1
id10371,Helena_Bonham_Carter,f,UK,eval1
id10372,Henry_Cavill,m,UK,eval1
id10373,Hilarie_Burton,f,USA,eval1
id10374,Hilary_Swank,f,USA,eval1
id10375,Hill_Harper,m,USA,eval1
id10376,Holliday_Grainger,f,UK,eval1
id10377,Hope_Solo,f,USA,eval1
id10378,Howie_Mandel,m,Canada,eval1
id10379,Hugh_Bonneville,m,UK,eval1
id10380,Hugh_Dancy,m,UK,eval1
id10381,Hugh_Jackman,m,Australia,eval1
id10382,Hugh_Laurie,m,UK,eval1
id10383,Hunter_Parrish,m,USA,eval1
id10384,Hye-kyo_Song,f,SouthKorea,eval1
id10385,Iain_Glen,m,UK,eval1
id10386,Ian_Somerhalder,m,USA,eval1
id10387,Idina_Menzel,f,USA,eval1
id10388,Imelda_Staunton,f,UK,eval1
id10389,India_de_Beaufort,f,UK,eval1
id10390,Indira_Varma,f,UK,eval1
id10391,Ingrid_Bergman,f,Sweden,eval1
id10392,Irina_Shayk,f,Russia,eval1
id10393,Irrfan_Khan,m,India,eval1
id10394,Isla_Fisher,f,Australia,eval1
id10395,Iwan_Rheon,m,UK,eval1
id10396,Izabella_Scorupco,f,Poland,eval1
id10397,J.J._Abrams,m,USA,eval1
id10398,J.K._Simmons,m,USA,eval1
id10399,Jack_Black,m,USA,eval1
id10400,Jack_Coleman,m,USA,eval1
id10401,Jack_Davenport,m,UK,eval1
id10402,Jack_Griffo,m,USA,eval1
id10403,Jack_Lemmon,m,USA,eval1
id10404,Jack_Reynor,m,USA,eval1
id10405,Jack_Whitehall,m,UK,eval1
id10406,Jacob_Latimore,m,USA,eval1
id10407,Jacqueline_Emerson,f,USA,eval1
id10408,Jacqueline_Fernandez,f,SriLanka,eval1
id10409,Jacqueline_MacInnes_Wood,f,Canada,eval1
id10410,Jai_Courtney,m,Australia,eval1
id10411,Jaime_Winstone,f,UK,eval1
id10412,Jake_Abel,m,USA,eval1
id10413,Jake_Johnson,m,USA,eval1
id10414,Jake_T._Austin,m,USA,eval1
id10415,Jamel_Debbouze,m,Norway,eval1
id10416,James_Badge_Dale,m,USA,eval1
id10417,James_Cosmo,m,UK,eval1
id10418,James_Cromwell,m,USA,eval1
id10419,James_Earl_Jones,m,USA,eval1
id10420,James_Frain,m,UK,eval1
id10421,James_Lafferty,m,USA,eval1
id10422,James_Lipton,m,USA,eval1
id10423,James_Marsden,m,USA,eval1
id10424,James_Maslow,m,USA,eval1
id10425,James_Nesbitt,m,Ireland,eval1
id10426,James_Purefoy,m,UK,eval1
id10427,James_Roday,m,USA,eval1
id10428,James_Woods,m,USA,eval1
id10429,Jamie-Lynn_Sigler,f,USA,eval1
id10430,Jamie_Chung,f,USA,eval1
id10431,Jamie_Foxx,m,USA,eval1
id10432,Jana_Kramer,f,USA,eval1
id10433,Jane_Badler,f,USA,eval1
id10434,Janeane_Garofalo,f,USA,eval1
id10435,Janel_Parrish,f,USA,eval1
id10436,Janet_Jackson,f,USA,eval1
id10437,Janet_McTeer,f,UK,eval1
id10438,Janet_Montgomery,f,UK,eval1
id10439,Janice_Dickinson,f,USA,eval1
id10440,Janina_Gavankar,f,USA,eval1
id10441,Janine_Turner,f,USA,eval1
id10442,January_Jones,f,USA,eval1
id10443,Jared_Harris,m,UK,eval1
id10444,Jared_Leto,m,USA,eval1
id10445,Jasika_Nicole,f,USA,eval1
id10446,Jasmine_Guy,f,USA,eval1
id10447,Jason_Bateman,m,USA,eval1
id10448,Jason_Clarke,m,Australia,eval1
id10449,Jason_David_Frank,m,USA,eval1
id10450,Jason_Dohring,m,USA,eval1
id10451,Jason_Earles,m,USA,eval1
id10452,Jason_Mantzoukas,m,USA,eval1
id10453,Jason_Segel,m,USA,eval1
id10454,Jay_Baruchel,m,Canada,eval1
id10455,Jean-Marc_Barr,m,USA,eval1
id10456,Jean-Paul_Belmondo,m,Norway,eval1
id10457,Jean_Reno,m,Norway,eval1
id10458,Jean_Smart,f,USA,eval1
id10459,Jeanine_Mason,f,USA,eval1
id10460,Jeannie_Mai,f,USA,eval1
id10461,Jeff_Daniels,m,USA,eval1
id10462,Jeff_Garlin,m,USA,eval1
id10463,Jeff_Goldblum,m,USA,eval1
id10464,Jeffrey_Donovan,m,USA,eval1
id10465,Jeffrey_Tambor,m,USA,eval1
id10466,Jeffrey_Wright,m,USA,eval1
id10467,Jemaine_Clement,m,NewZealand,eval1
id10468,Jen_Lilley,f,USA,eval1
id10469,Jenifer_Lewis,f,USA,eval1
id10470,Jenna_Coleman,f,UK,eval1
id10471,Jenna_Fischer,f,USA,eval1
id10472,Jennette_McCurdy,f,USA,eval1
id10473,Jennifer_Beals,f,USA,eval1
id10474,Jennifer_Carpenter,f,USA,eval1
id10475,Jennifer_Coolidge,f,USA,eval1
id10476,Jennifer_Ehle,f,USA,eval1
id10477,Jennifer_Esposito,f,USA,eval1
id10478,Jennifer_Saunders,f,UK,eval1
id10479,Jenny_Slate,f,USA,eval1
id10480,Jensen_Ackles,m,USA,eval1
id10481,Jeremy_Clarkson,m,UK,eval1
id10482,Jeremy_Irons,m,UK,eval1
id10483,Jeremy_Irvine,m,UK,eval1
id10484,Jeremy_Piven,m,USA,eval1
id10485,Jeremy_Renner,m,USA,eval1
id10486,Jeremy_Shada,m,USA,eval1
id10487,Jeremy_Sisto,m,USA,eval1
id10488,Jerry_Ferrara,m,USA,eval1
id10489,Jerry_Trainor,m,USA,eval1
id10490,Jesse_Eisenberg,m,USA,eval1
id10491,Jesse_McCartney,m,USA,eval1
id10492,Jesse_Metcalfe,m,USA,eval1
id10493,Jesse_Spencer,m,Australia,eval1
id10494,Jesse_Williams,m,USA,eval1
id10495,Jessica_De_Gouw,f,Australia,eval1
id10496,Jessica_Lowndes,f,Canada,eval1
id10497,Jessie_J,f,UK,eval1
id10498,Jet_Li,m,Singapore,eval1
id10499,Jill_Scott,f,USA,eval1
id10500,Jillian_Harris,f,Canada,eval1
id10501,Jillian_Michaels,f,USA,eval1
id10502,Jim_Broadbent,m,UK,eval1
id10503,Jim_Caviezel,m,USA,eval1
id10504,Jim_Jefferies,m,USA,eval1
id10505,Jim_Sturgess,m,UK,eval1
id10506,Jimmy_Fallon,m,USA,eval1
id10507,Joan_Allen,f,USA,eval1
id10508,Joan_Chen,f,USA,eval1
id10509,Joan_Cusack,f,USA,eval1
id10510,Joan_Rivers,f,USA,eval1
id10511,Joanna_Krupa,f,Poland,eval1
id10512,Joanna_Lumley,f,UK,eval1
id10513,Joanne_Froggatt,f,UK,eval1
id10514,Joaquim_de_Almeida,m,USA,eval1
id10515,Joe_Flanigan,m,USA,eval1
id10516,Joel_Edgerton,m,Australia,eval1
id10517,Joel_Kinnaman,m,Sweden,eval1
id10518,Joel_McHale,m,USA,eval1
id10519,John_Abraham,m,India,eval1
id10520,John_Amos,m,USA,eval1
id10521,John_Barrowman,m,USA,eval1
id10522,John_Carroll_Lynch,m,USA,eval1
id10523,John_Cho,m,USA,eval1
id10524,John_Cleese,m,UK,eval1
id10525,John_Corbett,m,USA,eval1
id10526,John_DiMaggio,m,USA,eval1
id10527,John_Francis_Daley,m,USA,eval1
id10528,John_Gallagher_Jr.,m,USA,eval1
id10529,John_Goodman,m,USA,eval1
id10530,John_Hawkes,m,USA,eval1
id10531,John_Hodgman,m,USA,eval1
id10532,John_Hurt,m,UK,eval1
id10533,John_Krasinski,m,USA,eval1
id10534,John_Larroquette,m,USA,eval1
id10535,John_Lasseter,m,USA,eval1
id10536,John_Lloyd_Young,m,USA,eval1
id10537,John_Mulaney,m,USA,eval1
id10538,John_Nettles,m,UK,eval1
id10539,John_Noble,m,Australia,eval1
id10540,John_Oliver,m,UK,eval1
id10541,John_Rhys-Davies,m,UK,eval1
id10542,John_Simm,m,UK,eval1
id10543,John_Slattery,m,USA,eval1
id10544,John_Terry,m,UK,eval1
id10545,John_Turturro,m,USA,eval1
id10546,Johnathon_Schaech,m,USA,eval1
id10547,Johnny_Galecki,m,USA,eval1
id10548,Jon_Favreau,m,USA,eval1
id10549,Jon_Huertas,m,USA,eval1
id10550,Jon_Lovitz,m,USA,eval1
id10551,Jon_Pertwee,m,UK,eval1
id10552,Jon_Seda,m,USA,eval1
id10553,Jonathan_Jackson,m,USA,eval1
id10554,Jonathan_Rhys_Meyers,m,Ireland,eval1
id10555,Jordan_Gavaris,m,Canada,eval1
id10556,Jordana_Brewster,f,USA,eval1
id10557,Jordin_Sparks,f,USA,eval1
id10558,Jorge_Garcia,m,Chile,eval1
id10559,Jorja_Fox,f,USA,eval1
id10560,Joseph_Gordon-Levitt,m,USA,eval1
id10561,Josh_Brolin,m,USA,eval1
id10562,Josh_Duhamel,m,USA,eval1
id10563,Josh_Gad,m,USA,eval1
id10564,Josh_Groban,m,USA,eval1
id10565,Josh_Henderson,m,USA,eval1
id10566,Josh_Peck,m,USA,eval1
id10567,Josh_Radnor,m,USA,eval1
id10568,Joss_Stone,f,UK,eval1
id10569,Joss_Whedon,m,USA,eval1
id10570,Judith_Light,f,USA,eval1
id10571,Judy_Sheindlin,f,USA,eval1
id10572,Julia_Louis-Dreyfus,f,USA,eval1
id10573,Julia_Roberts,f,USA,eval1
id10574,Julia_Stiles,f,USA,eval1
id10575,Julian_Sands,m,UK,eval1
id10576,Julianne_Hough,f,USA,eval1
id10577,Julianne_Nicholson,f,USA,eval1
id10578,Julie_Chen,f,USA,eval1
id10579,Julie_Gonzalo,f,USA,eval1
id10580,Julie_Walters,f,UK,eval1
id10581,Justine_Ezarik,f,USA,eval1
id10582,Kal_Penn,m,USA,eval1
id10583,Kangana_Ranaut,f,India,eval1
id10584,Karan_Brar,m,USA,eval1
id10585,Karl_Malden,m,USA,eval1
id10586,Karla_Souza,f,Mexico,eval1
id10587,Karoline_Herfurth,f,Germany,eval1
id10588,Kat_Dennings,f,USA,eval1
id10589,Kate_Beckinsale,f,UK,eval1
id10590,Kate_Flannery,f,USA,eval1
id10591,Kate_Mansi,f,USA,eval1
id10592,Kate_Mara,f,USA,eval1
id10593,Kate_McKinnon,f,USA,eval1
id10594,Kate_Mulgrew,f,USA,eval1
id10595,Kate_Voegele,f,USA,eval1
id10596,Kate_Walsh,f,USA,eval1
id10597,Katee_Sackhoff,f,USA,eval1
id10598,Katey_Sagal,f,USA,eval1
id10599,Katharine_McPhee,f,USA,eval1
id10600,Katherine_Heigl,f,USA,eval1
id10601,Katherine_Jenkins,f,UK,eval1
id10602,Katherine_McNamara,f,USA,eval1
id10603,Katheryn_Winnick,f,Canada,eval1
id10604,Kathie_Lee_Gifford,f,USA,eval1
id10605,Kathleen_Robertson,f,Canada,eval1
id10606,Kathryn_Hahn,f,USA,eval1
id10607,Kathryn_Joosten,f,USA,eval1
id10608,Kathryn_McCormick,f,USA,eval1
id10609,Kathryn_Prescott,f,UK,eval1
id10610,Kathy_Griffin,f,USA,eval1
id10611,Katie_Aselton,f,USA,eval1
id10612,Katie_Cleary,f,USA,eval1
id10613,Katie_Leclerc,f,USA,eval1
id10614,Katie_Stevens,f,USA,eval1
id10615,Katy_Perry,f,USA,eval1
id10616,Kaya_Scodelario,f,UK,eval1
id10617,Kayvan_Novak,m,UK,eval1
id10618,Keegan_Allen,m,USA,eval1
id10619,Keegan_Connor_Tracy,f,Canada,eval1
id10620,Keeley_Hawes,f,UK,eval1
id10621,Kel_Mitchell,m,USA,eval1
id10622,Kellan_Lutz,m,USA,eval1
id10623,Kelli_Berglund,f,USA,eval1
id10624,Kelli_Giddish,f,USA,eval1
id10625,Kelli_Williams,f,USA,eval1
id10626,Kelly_Brook,f,UK,eval1
id10627,Kelly_Macdonald,f,UK,eval1
id10628,Kelly_Monaco,f,USA,eval1
id10629,Kelly_Reilly,f,UK,eval1
id10630,Kelly_Rutherford,f,USA,eval1
id10631,Ken_Jeong,m,USA,eval1
id10632,Ken_Marino,m,USA,eval1
id10633,Kenan_Thompson,m,USA,eval1
id10634,Kendra_Wilkinson,f,USA,eval1
id10635,Kenny_Rogers,m,USA,eval1
id10636,Kenton_Duty,m,USA,eval1
id10637,Kenya_Moore,f,USA,eval1
id10638,Keri_Hilson,f,USA,eval1
id10639,Keri_Russell,f,USA,eval1
id10640,Kesha,f,USA,eval1
id10641,Kevin_Bacon,m,USA,eval1
id10642,Kevin_Clash,m,USA,eval1
id10643,Kevin_McHale,m,USA,eval1
id10644,Kevin_Smith,m,USA,eval1
id10645,Kid_Rock,m,USA,eval1
id10646,Kiefer_Sutherland,m,Canada,eval1
id10647,Kiernan_Shipka,f,USA,eval1
id10648,Kierston_Wareing,f,UK,eval1
id10649,Kim_Raver,f,USA,eval1
id10650,Kim_Zolciak-Biermann,f,USA,eval1
id10651,Kimberly_Elise,f,USA,eval1
id10652,Kimberly_Williams-Paisley,f,USA,eval1
id10653,Kirsten_Vangsness,f,USA,eval1
id10654,Kodi_Smit-McPhee,m,Australia,eval1
id10655,Kris_Jenner,f,USA,eval1
id10656,Kristen_Bell,f,USA,eval1
id10657,Kristen_Johnston,f,USA,eval1
id10658,Kristen_Schaal,f,USA,eval1
id10659,Kristen_Stewart,f,USA,eval1
id10660,Kristen_Wiig,f,USA,eval1
id10661,Kristian_Alfonso,f,USA,eval1
id10662,Kriti_Sanon,f,India,eval1
id10663,Kuno_Becker,m,Mexico,eval1
id10664,Kyle_MacLachlan,m,USA,eval1
id10665,Kyle_Richards,f,USA,eval1
id10666,Kylie_Minogue,f,Australia,eval1
id10667,Kym_Whitley,f,USA,eval1
id10668,La_La_Anthony,f,USA,eval1
id10669,Lacey_Turner,f,UK,eval1
id10670,Laura_Benanti,f,USA,eval1
id10671,Laura_Carmichael,f,UK,eval1
id10672,Laura_Dern,f,USA,eval1
id10673,Laura_Haddock,f,UK,eval1
id10674,Lauryn_Hill,f,USA,eval1
id10675,Lavell_Crawford,m,USA,eval1
id10676,Laverne_Cox,f,USA,eval1
id10677,Laz_Alonso,m,USA,eval1
id10678,Lea_Michele,f,USA,eval1
id10679,Lea_Salonga,f,Philippines,eval1
id10680,Lea_Thompson,f,USA,eval1
id10681,Lena_Horne,f,USA,eval1
id10682,Leonor_Watling,f,Spain,eval1
id10683,Lesley_Manville,f,UK,eval1
id10684,Leslie_Bibb,f,USA,eval1
id10685,Leslie_Mann,f,USA,eval1
id10686,Lily_Cole,f,UK,eval1
id10687,Lily_Collins,f,USA,eval1
id10688,Lin_Shaye,f,USA,eval1
id10689,Linda_Cardellini,f,USA,eval1
id10690,Linda_Evans,f,USA,eval1
id10691,Linda_Gray,f,USA,eval1
id10692,Linda_Lavin,f,USA,eval1
id10693,Lindsay_Duncan,f,UK,eval1
id10694,Lindsey_Morgan,f,USA,eval1
id10695,Lisa_Edelstein,f,USA,eval1
id10696,Lisa_Kudrow,f,USA,eval1
id10697,Lisa_Ray,f,Canada,eval1
id10698,Lisa_Rinna,f,USA,eval1
id10699,Lisa_Whelchel,f,USA,eval1
id10700,Lizzy_Caplan,f,USA,eval1
id10701,Loan_Chabanol,f,Norway,eval1
id10702,Lolo_Jones,f,USA,eval1
id10703,Lorde,f,NewZealand,eval1
id10704,Lorenza_Izzo,f,Chile,eval1
id10705,Loretta_Devine,f,USA,eval1
id10706,Loretta_Swit,f,USA,eval1
id10707,Lotte_Verbeek,f,Netherlands,eval1
id10708,Lou_Diamond_Phillips,m,USA,eval1
id10709,Lou_Ferrigno,m,USA,eval1
id10710,Louis_C.K.,m,USA,eval1
id10711,Louis_Theroux,m,UK,eval1
id10712,Luc_Besson,m,Norway,eval1
id10713,Lucas_Cruikshank,m,USA,eval1
id10714,Lucas_Grabeel,m,USA,eval1
id10715,Lucie_Arnaz,f,USA,eval1
id10716,Lucy_Hale,f,USA,eval1
id10717,Lucy_Punch,f,UK,eval1
id10718,Ludacris,m,USA,eval1
id10719,Luke_Arnold,m,Australia,eval1
id10720,Luke_Evans,m,UK,eval1
id10721,Luke_Newberry,m,UK,eval1
id10722,Maggie_Gyllenhaal,f,USA,eval1
id10723,Malin_Akerman,f,Sweden,eval1
id10724,Mallika_Sherawat,f,India,eval1
id10725,Mamie_Gummer,f,USA,eval1
id10726,Mandy_Patinkin,m,USA,eval1
id10727,Manish_Dayal,m,USA,eval1
id10728,Marc_Blucas,m,USA,eval1
id10729,Marc_Forster,m,Switzerland,eval1
id10730,Marc_Webb,m,USA,eval1
id10731,Marcia_Cross,f,USA,eval1
id10732,Marcia_Gay_Harden,f,USA,eval1
id10733,Margo_Martindale,f,USA,eval1
id10734,Margot_Robbie,f,Australia,eval1
id10735,Maria_Bamford,f,USA,eval1
id10736,Maria_Canals-Barrera,f,USA,eval1
id10737,Maria_Grazia_Cucinotta,f,Italy,eval1
id10738,Maria_Menounos,f,USA,eval1
id10739,Maria_Sharapova,f,Russia,eval1
id10740,Maria_de_Medeiros,f,Portugal,eval1
id10741,Marie_Avgeropoulos,f,Canada,eval1
id10742,Marie_Osmond,f,USA,eval1
id10743,Mariel_Hemingway,f,USA,eval1
id10744,Marilu_Henner,f,USA,eval1
id10745,Mario_Casas,m,Spain,eval1
id10746,Mario_Lopez,m,USA,eval1
id10747,Marion_Cotillard,f,Norway,eval1
id10748,Marion_Ross,f,USA,eval1
id10749,Marisa_Miller,f,USA,eval1
id10750,Mark_Feuerstein,m,USA,eval1
id10751,Mark_Gatiss,m,UK,eval1
id10752,Mark_Hamill,m,USA,eval1
id10753,Mark_Harmon,m,USA,eval1
id10754,Mark_Ruffalo,m,USA,eval1
id10755,Mark_Sheppard,m,UK,eval1
id10756,Mark_Strong,m,UK,eval1
id10757,Mark_Webber,m,Australia,eval1
id10758,Marla_Gibbs,f,USA,eval1
id10759,Martin_Clunes,m,UK,eval1
id10760,Martin_Henderson,m,NewZealand,eval1
id10761,Martin_Kove,m,USA,eval1
id10762,Martin_Shaw,m,UK,eval1
id10763,Martine_McCutcheon,f,UK,eval1
id10764,Mary-Louise_Parker,f,USA,eval1
id10765,Mary_Elizabeth_Winstead,f,USA,eval1
id10766,Mary_Lynn_Rajskub,f,USA,eval1
id10767,Mary_McDonnell,f,USA,eval1
id10768,Mathieu_Amalric,m,Norway,eval1
id10769,Mathieu_Kassovitz,m,Norway,eval1
id10770,Mathilda_May,f,Norway,eval1
id10771,Matt_Bomer,m,USA,eval1
id10772,Matt_Dallas,m,USA,eval1
id10773,Matt_Lanter,m,USA,eval1
id10774,Matt_Smith,m,UK,eval1
id10775,Matthew_Fox,m,USA,eval1
id10776,Matthew_Goode,m,UK,eval1
id10777,Matthew_Lillard,m,USA,eval1
id10778,Matthew_Macfadyen,m,UK,eval1
id10779,Matthew_Modine,m,USA,eval1
id10780,Matthew_Morrison,m,USA,eval1
id10781,Max_Adler,m,USA,eval1
id10782,Max_Irons,m,UK,eval1
id10783,Max_Schneider,m,USA,eval1
id10784,Max_Thieriot,m,USA,eval1
id10785,Maya_Rudolph,f,USA,eval1
id10786,Meat_Loaf,m,USA,eval1
id10787,Megan_Fox,f,USA,eval1
id10788,Meghan_Trainor,f,USA,eval1
id10789,Melissa_George,f,Australia,eval1
id10790,Melissa_Leo,f,USA,eval1
id10791,Melissa_McCarthy,f,USA,eval1
id10792,Melissa_Peterman,f,USA,eval1
id10793,Melissa_Rauch,f,USA,eval1
id10794,Melissa_Rycroft,f,USA,eval1
id10795,Melody_Thomas_Scott,f,USA,eval1
id10796,Melora_Hardin,f,USA,eval1
id10797,Mena_Suvari,f,USA,eval1
id10798,Meredith_Baxter,f,USA,eval1
id10799,Mia_Wasikowska,f,Australia,eval1
id10800,Michael_Bay,m,USA,eval1
id10801,Michael_C._Hall,m,USA,eval1
id10802,Michael_Cera,m,Canada,eval1
id10803,Michael_Copon,m,USA,eval1
id10804,Michael_Crichton,m,USA,eval1
id10805,Michael_Cudlitz,m,USA,eval1
id10806,Michael_Jai_White,m,USA,eval1
id10807,Michael_K._Williams,m,USA,eval1
id10808,Michael_Kelly,m,USA,eval1
id10809,Michael_Madsen,m,USA,eval1
id10810,Michael_Mando,m,Canada,eval1
id10811,Michael_Muhney,m,USA,eval1
id10812,Michael_Shannon,m,USA,eval1
id10813,Michael_Socha,m,UK,eval1
id10814,Michael_Trevino,m,USA,eval1
id10815,Michael_Weatherly,m,USA,eval1
id10816,Michaela_Conlin,f,USA,eval1
id10817,Michelle_Dockery,f,UK,eval1
id10818,Michelle_Keegan,f,UK,eval1
id10819,Michelle_Krusiec,f,USA,eval1
id10820,Michelle_Monaghan,f,USA,eval1
id10821,Michelle_Stafford,f,USA,eval1
id10822,Michelle_Williams,f,USA,eval1
id10823,Mila_Kunis,f,USA,eval1
id10824,Miles_Teller,m,USA,eval1
id10825,Miley_Cyrus,f,USA,eval1
id10826,Milla_Jovovich,f,Russia,eval1
id10827,Mindy_Kaling,f,USA,eval1
id10828,Mira_Furlan,f,Croatia,eval1
id10829,Miranda_Cosgrove,f,USA,eval1
id10830,Miranda_Hart,f,UK,eval1
id10831,Miranda_Kerr,f,Australia,eval1
id10832,Miranda_Lambert,f,USA,eval1
id10833,Miranda_Richardson,f,UK,eval1
id10834,Miriam_Margolyes,f,UK,eval1
id10835,Mischa_Barton,f,USA,eval1
id10836,Misha_Collins,m,USA,eval1
id10837,Missi_Pyle,f,USA,eval1
id10838,Mitchel_Musso,m,USA,eval1
id10839,Molly_Ringwald,f,USA,eval1
id10840,Molly_Shannon,f,USA,eval1
id10841,Monica_Raymund,f,USA,eval1
id10842,Moon_Bloodgood,f,USA,eval1
id10843,Moran_Atias,f,Israel,eval1
id10844,Morena_Baccarin,f,Brazil,eval1
id10845,Moritz_Bleibtreu,m,Germany,eval1
id10846,MyAnna_Buring,f,Sweden,eval1
id10847,Mya,f,USA,eval1
id10848,Nadia_Bjorlin,f,USA,eval1
id10849,Nana_Visitor,f,USA,eval1
id10850,Nancy_Cartwright,f,USA,eval1
id10851,Naomie_Harris,f,UK,eval1
id10852,Naseeruddin_Shah,m,India,eval1
id10853,Natalia_Tena,f,UK,eval1
id10854,Natalie_Dormer,f,UK,eval1
id10855,Natalie_Martinez,f,USA,eval1
id10856,Natalie_Portman,f,USA,eval1
id10857,Natalie_Zea,f,USA,eval1
id10858,Natascha_McElhone,f,UK,eval1
id10859,Nate_Parker,m,USA,eval1
id10860,Nathalie_Emmanuel,f,UK,eval1
id10861,Nathan_Fillion,m,Canada,eval1
id10862,Nathaniel_Buzolic,m,Australia,eval1
id10863,Naturi_Naughton,f,USA,eval1
id10864,Nazanin_Boniadi,f,USA,eval1
id10865,NeNe_Leakes,f,USA,eval1
id10866,Neal_McDonough,m,USA,eval1
id10867,Neil_Gaiman,m,UK,eval1
id10868,Neil_deGrasse_Tyson,m,USA,eval1
id10869,Nelly,m,USA,eval1
id10870,Nelly_Furtado,f,Canada,eval1
id10871,Neve_Campbell,f,Canada,eval1
id10872,Niall_Horan,m,Ireland,eval1
id10873,Nichelle_Nichols,f,USA,eval1
id10874,Nick_Kroll,m,USA,eval1
id10875,Nick_Thune,m,USA,eval1
id10876,Nicki_Minaj,f,TrinidadandTobago,eval1
id10877,Nicola_Peltz,f,USA,eval1
id10878,Nicole_Beharie,f,USA,eval1
id10879,Nicole_Richie,f,USA,eval1
id10880,Nicole_Scherzinger,f,USA,eval1
id10881,Nikolaj_Coster-Waldau,m,Denmark,eval1
id10882,Nina_Arianda,f,USA,eval1
id10883,Nina_Hoss,f,Germany,eval1
id10884,Noah_Emmerich,m,USA,eval1
id10885,Noel_Clarke,m,UK,eval1
id10886,Noel_Fielding,m,UK,eval1
id10887,Noomi_Rapace,f,Sweden,eval1
id10888,Norman_Reedus,m,USA,eval1
id10889,Octavia_Spencer,f,USA,eval1
id10890,Odette_Annable,f,USA,eval1
id10891,Odeya_Rush,f,USA,eval1
id10892,Olga_Kurylenko,f,Russia,eval1
id10893,Oliver_Platt,m,Canada,eval1
id10894,Olivia_Colman,f,UK,eval1
id10895,Olivia_Cooke,f,UK,eval1
id10896,Olivia_Holt,f,USA,eval1
id10897,Olivia_Munn,f,USA,eval1
id10898,Olivia_Thirlby,f,USA,eval1
id10899,Olivia_Wilde,f,USA,eval1
id10900,Olivia_Williams,f,UK,eval1
id10901,Om_Puri,m,India,eval1
id10902,Omari_Hardwick,m,USA,eval1
id10903,Oona_Chaplin,f,Spain,eval1
id10904,Oscar_Isaac,m,USA,eval1
id10905,Pablo_Schreiber,m,USA,eval1
id10906,Paddy_Considine,m,UK,eval1
id10907,Padma_Lakshmi,f,USA,eval1
id10908,Paget_Brewster,f,USA,eval1
id10909,Paloma_Faith,f,UK,eval1
id10910,Pamela_Adlon,f,USA,eval1
id10911,Paolo_Sorrentino,m,Italy,eval1
id10912,Parineeti_Chopra,f,India,eval1
id10913,Pat_Monahan,m,USA,eval1
id10914,Patrick_Dempsey,m,USA,eval1
id10915,Patrick_Duffy,m,USA,eval1
id10916,Patrick_Fugit,m,USA,eval1
id10917,Patrick_Swayze,m,USA,eval1
id10918,Patrick_Wilson,m,USA,eval1
id10919,Patton_Oswalt,m,USA,eval1
id10920,Paul_Dano,m,USA,eval1
id10921,Paul_Feig,m,USA,eval1
id10922,Paul_Giamatti,m,USA,eval1
id10923,Paul_Gross,m,Canada,eval1
id10924,Paul_McGann,m,UK,eval1
id10925,Paul_Reubens,m,USA,eval1
id10926,Paul_Scheer,m,USA,eval1
id10927,Paul_Sorvino,m,USA,eval1
id10928,Paul_Wesley,m,USA,eval1
id10929,Penn_Jillette,m,USA,eval1
id10930,Pete_Wentz,m,USA,eval1
id10931,Peter_Berg,m,USA,eval1
id10932,Peter_Capaldi,m,UK,eval1
id10933,Peter_Coyote,m,USA,eval1
id10934,Peter_Facinelli,m,USA,eval1
id10935,Peter_Jackson,m,NewZealand,eval1
id10936,Peter_Jacobson,m,USA,eval1
id10937,Philip_Glenister,m,UK,eval1
id10938,Phyllis_Diller,f,USA,eval1
id10939,Pierfrancesco_Favino,m,Italy,eval1
id10940,Pierre_Niney,m,Norway,eval1
id10941,Pooja_Kumar,f,India,eval1
id10942,Poppy_Montgomery,f,Australia,eval1
id10943,Preity_Zinta,f,India,eval1
id10944,Prince,m,USA,eval1
id10945,Quentin_Tarantino,m,USA,eval1
id10946,RZA,m,USA,eval1
id10947,Rachel_Dratch,f,USA,eval1
id10948,Rachel_McAdams,f,Canada,eval1
id10949,Rade_Serbedzija,m,Croatia,eval1
id10950,Raini_Rodriguez,f,USA,eval1
id10951,Rainn_Wilson,m,USA,eval1
id10952,Ralf_Little,m,UK,eval1
id10953,Ralph_Macchio,m,USA,eval1
id10954,Rami_Malek,m,USA,eval1
id10955,Ranbir_Kapoor,m,India,eval1
id10956,Randeep_Hooda,m,India,eval1
id10957,Randolph_Mantooth,m,USA,eval1
id10958,Raoul_Bova,m,Italy,eval1
id10959,Ray_Winstone,m,UK,eval1
id10960,Reba_McEntire,f,USA,eval1
id10961,Rebecca_Mader,f,UK,eval1
id10962,Rebel_Wilson,f,Australia,eval1
id10963,Reece_Ritchie,m,UK,eval1
id10964,Reggie_Lee,m,Philippines,eval1
id10965,Regina_Hall,f,USA,eval1
id10966,Reid_Scott,m,Canada,eval1
id10967,Rene_Auberjonois,m,Switzerland,eval1
id10968,Retta,f,USA,eval1
id10969,Rhys_Darby,m,NewZealand,eval1
id10970,Rhys_Ifans,m,UK,eval1
id10971,Richard_Ayoade,m,UK,eval1
id10972,Richard_Dean_Anderson,m,USA,eval1
id10973,Richard_E._Grant,m,UK,eval1
id10974,Richard_Hammond,m,UK,eval1
id10975,Richard_Kind,m,USA,eval1
id10976,Richard_Madden,m,UK,eval1
id10977,Ricky_Gervais,m,UK,eval1
id10978,Rico_Rodriguez,m,USA,eval1
id10979,Rik_Mayall,m,UK,eval1
id10980,Riley_Smith,m,USA,eval1
id10981,Rita_Ora,f,UK,eval1
id10982,Riz_Ahmed,m,UK,eval1
id10983,Rob_Brydon,m,UK,eval1
id10984,Rob_Corddry,m,USA,eval1
id10985,Rob_Dyrdek,m,USA,eval1
id10986,Rob_Reiner,m,USA,eval1
id10987,Rob_Riggle,m,USA,eval1
id10988,Robbie_Amell,m,Canada,eval1
id10989,Robbie_Kay,m,UK,eval1
id10990,Robert_Carlyle,m,UK,eval1
id10991,Robert_Davi,m,USA,eval1
id10992,Robert_Pattinson,m,UK,eval1
id10993,Robert_Picardo,m,USA,eval1
id10994,Robert_Sheehan,m,Ireland,eval1
id10995,Robert_Vaughn,m,USA,eval1
id10996,Roger_Ebert,m,USA,eval1
id10997,Roma_Downey,f,UK,eval1
id10998,Romeo_Miller,m,USA,eval1
id10999,Ron_Jeremy,m,USA,eval1
id11000,Ron_Livingston,m,USA,eval1
id11001,Ron_Perlman,m,USA,eval1
id11002,Ronda_Rousey,f,USA,eval1
id11003,Rooney_Mara,f,USA,eval1
id11004,Rory_Kennedy,f,USA,eval1
id11005,Rose_McIver,f,NewZealand,eval1
id11006,Roshon_Fegan,m,USA,eval1
id11007,Rosie_Huntington-Whiteley,f,UK,eval1
id11008,Rowan_Atkinson,m,UK,eval1
id11009,Ruby_Dee,f,USA,eval1
id11010,Rue_McClanahan,f,USA,eval1
id11011,Russell_Peters,m,Canada,eval1
id11012,Russell_Tovey,m,UK,eval1
id11013,Ruta_Lee,f,Canada,eval1
id11014,Rutger_Hauer,m,Netherlands,eval1
id11015,Ruth_Jones,f,UK,eval1
id11016,Ruth_Wilson,f,UK,eval1
id11017,Ryan_Kwanten,m,Australia,eval1
id11018,Ryan_McPartlin,m,USA,eval1
id11019,Ryan_Ochoa,m,USA,eval1
id11020,Ryan_Phillippe,m,USA,eval1
id11021,Ryan_Potter,m,USA,eval1
id11022,S._Epatha_Merkerson,f,USA,eval1
id11023,Sally_Hawkins,f,UK,eval1
id11024,Sam_Heughan,m,UK,eval1
id11025,Sam_Neill,m,NewZealand,eval1
id11026,Sam_Palladio,m,UK,eval1
id11027,Sam_Raimi,m,USA,eval1
id11028,Sam_Riley,m,UK,eval1
id11029,Sam_Trammell,m,USA,eval1
id11030,Sam_Waterston,m,USA,eval1
id11031,Sam_Worthington,m,Australia,eval1
id11032,Samantha_Barks,f,UK,eval1
id11033,Samira_Wiley,f,USA,eval1
id11034,Sammi_Hanratty,f,USA,eval1
id11035,Sammy_Davis_Jr.,m,USA,eval1
id11036,Samuel_L._Jackson,m,USA,eval1
id11037,Sanaa_Lathan,f,USA,eval1
id11038,Sandra_Bernhard,f,USA,eval1
id11039,Sandra_Oh,f,Canada,eval1
id11040,Santiago_Cabrera,m,Chile,eval1
id11041,Sara_Gilbert,f,USA,eval1
id11042,Sara_Ramirez,f,USA,eval1
id11043,Sarah_Bolger,f,Ireland,eval1
id11044,Sarah_Drew,f,USA,eval1
id11045,Sarah_Gadon,f,Canada,eval1
id11046,Sarah_Hyland,f,USA,eval1
id11047,Sarah_Palin,f,USA,eval1
id11048,Sarah_Paulson,f,USA,eval1
id11049,Sarah_Wayne_Callies,f,USA,eval1
id11050,Sasha_Pieterse,f,USA,eval1
id11051,Scott_Bakula,m,USA,eval1
id11052,Scott_Porter,m,USA,eval1
id11053,Scott_Speedman,m,Canada,eval1
id11054,Sean_Bean,m,UK,eval1
id11055,Sean_Connery,m,UK,eval1
id11056,Sean_Kanan,m,USA,eval1
id11057,Sean_Maher,m,USA,eval1
id11058,Sean_Patrick_Flanery,m,USA,eval1
id11059,Sean_Pertwee,m,UK,eval1
id11060,Seann_William_Scott,m,USA,eval1
id11061,Sebastian_De_Souza,m,UK,eval1
id11062,Sela_Ward,f,USA,eval1
id11063,Selma_Blair,f,USA,eval1
id11064,Sendhil_Ramamurthy,m,USA,eval1
id11065,Senta_Berger,f,Austria,eval1
id11066,Serinda_Swan,f,Canada,eval1
id11067,Seth_Green,m,USA,eval1
id11068,Seth_MacFarlane,m,USA,eval1
id11069,Seth_Meyers,m,USA,eval1
id11070,Seth_Rogen,m,Canada,eval1
id11071,Shahid_Kapoor,m,India,eval1
id11072,Shailene_Woodley,f,USA,eval1
id11073,Shane_West,m,USA,eval1
id11074,Shannen_Doherty,f,USA,eval1
id11075,Sharlto_Copley,m,SouthAfrica,eval1
id11076,Sharni_Vinson,f,Australia,eval1
id11077,Sharon_Gless,f,USA,eval1
id11078,Shay_Mitchell,f,Canada,eval1
id11079,Shemar_Moore,m,USA,eval1
id11080,Sheridan_Smith,f,UK,eval1
id11081,Sherri_Saum,f,USA,eval1
id11082,Sherri_Shepherd,f,USA,eval1
id11083,Sheryl_Lee_Ralph,f,USA,eval1
id11084,Shiloh_Fernandez,m,USA,eval1
id11085,Shiri_Appleby,f,USA,eval1
id11086,Shirley_Manson,f,UK,eval1
id11087,Shohreh_Aghdashloo,f,Iran,eval1
id11088,Shonda_Rhimes,f,USA,eval1
id11089,Shraddha_Kapoor,f,India,eval1
id11090,Sidharth_Malhotra,m,India,eval1
id11091,Sidse_Babett_Knudsen,f,Denmark,eval1
id11092,Sienna_Guillory,f,UK,eval1
id11093,Silas_Weir_Mitchell,m,USA,eval1
id11094,Simon_Baker,m,Australia,eval1
id11095,Simon_Callow,m,UK,eval1
id11096,Simon_Pegg,m,UK,eval1
id11097,Skylar_Astin,m,USA,eval1
id11098,Smokey_Robinson,m,USA,eval1
id11099,Sofia_Coppola,f,USA,eval1
id11100,Sonam_Kapoor,f,India,eval1
id11101,Sonja_Sohn,f,USA,eval1
id11102,Sophie_Okonedo,f,UK,eval1
id11103,Spencer_Boldman,m,USA,eval1
id11104,Stacy_Keach,m,USA,eval1
id11105,Stan_Lee,m,USA,eval1
id11106,Stana_Katic,f,USA,eval1
id11107,Stanley_Tucci,m,USA,eval1
id11108,Stefanie_Powers,f,USA,eval1
id11109,Stephen_Baldwin,m,USA,eval1
id11110,Stephen_Colbert,m,USA,eval1
id11111,Stephen_Fry,m,UK,eval1
id11112,Stephen_Lang,m,USA,eval1
id11113,Stephen_Mangan,m,UK,eval1
id11114,Stephen_Merchant,m,UK,eval1
id11115,Sterling_Knight,m,USA,eval1
id11116,Steve_Burton,m,USA,eval1
id11117,Steve_Carell,m,USA,eval1
id11118,Steve_Harvey,m,USA,eval1
id11119,Steve_Jobs,m,USA,eval1
id11120,Steve_Martin,m,USA,eval1
id11121,Steven_Bauer,m,USA,eval1
id11122,Steven_Berkoff,m,UK,eval1
id11123,Steven_Moffat,m,UK,eval1
id11124,Steven_R._McQueen,m,USA,eval1
id11125,Steven_Soderbergh,m,USA,eval1
id11126,Steven_Yeun,m,USA,eval1
id11127,Stevie_Wonder,m,USA,eval1
id11128,Sung_Kang,m,USA,eval1
id11129,Sunny_Leone,f,Canada,eval1
id11130,Suraj_Sharma,m,India,eval1
id11131,Susan_Lucci,f,USA,eval1
id11132,Susanne_Bier,f,Denmark,eval1
id11133,Suzanne_Pleshette,f,USA,eval1
id11134,Sydney_Pollack,m,USA,eval1
id11135,T.J._Miller,m,USA,eval1
id11136,Tabu,f,India,eval1
id11137,Tahj_Mowry,m,USA,eval1
id11138,Tahmoh_Penikett,m,Canada,eval1
id11139,Tamala_Jones,f,USA,eval1
id11140,Tamara_Taylor,f,Canada,eval1
id11141,Tamara_Tunie,f,USA,eval1
id11142,Tamer_Hassan,m,UK,eval1
id11143,Tamera_Mowry-Housley,f,USA,eval1
id11144,Tamsin_Greig,f,UK,eval1
id11145,Tanya_Tate,f,UK,eval1
id11146,Taraji_P._Henson,f,USA,eval1
id11147,Taryn_Manning,f,USA,eval1
id11148,Tatiana_Maslany,f,Canada,eval1
id11149,Tatyana_Ali,f,USA,eval1
id11150,Tavi_Gevinson,f,USA,eval1
id11151,Taylor_Kitsch,m,Canada,eval1
id11152,Taylor_Lautner,m,USA,eval1
id11153,Taylor_Momsen,f,USA,eval1
id11154,Taylor_Swift,f,USA,eval1
id11155,Teala_Dunn,f,USA,eval1
id11156,Ted_Danson,m,USA,eval1
id11157,Terence_Stamp,m,UK,eval1
id11158,Teri_Hatcher,f,USA,eval1
id11159,Terrence_Howard,m,USA,eval1
id11160,Thandie_Newton,f,UK,eval1
id11161,Theo_James,m,UK,eval1
id11162,Theo_Rossi,m,USA,eval1
id11163,Thomas_Dekker,m,USA,eval1
id11164,Thomas_Gibson,m,USA,eval1
id11165,Thomas_Haden_Church,m,USA,eval1
id11166,Thomas_Ian_Nicholas,m,USA,eval1
id11167,Thomas_Jane,m,USA,eval1
id11168,Thomas_Lennon,m,USA,eval1
id11169,Tilda_Swinton,f,UK,eval1
id11170,Tim_Burton,m,USA,eval1
id11171,Tim_Daly,m,USA,eval1
id11172,Tim_Gunn,m,USA,eval1
id11173,Tim_Minchin,m,Australia,eval1
id11174,Timothy_Spall,m,UK,eval1
id11175,Tinsel_Korey,f,Canada,eval1
id11176,Titus_Welliver,m,USA,eval1
id11177,Toby_Jones,m,UK,eval1
id11178,Toby_Stephens,m,UK,eval1
id11179,Todd_Lasance,m,Australia,eval1
id11180,Tom_Arnold,m,USA,eval1
id11181,Tom_Bergeron,m,USA,eval1
id11182,Tom_Ford,m,USA,eval1
id11183,Tom_Hiddleston,m,UK,eval1
id11184,Tom_Hooper,m,UK,eval1
id11185,Tom_Kenny,m,USA,eval1
id11186,Tom_Mison,m,UK,eval1
id11187,Tom_Selleck,m,USA,eval1
id11188,Tony_Curran,m,UK,eval1
id11189,Tracey_Gold,f,USA,eval1
id11190,Tracy_Morgan,m,USA,eval1
id11191,Tristan_Wilds,m,USA,eval1
id11192,Troye_Sivan,m,Australia,eval1
id11193,Tupac_Shakur,m,USA,eval1
id11194,Ty_Pennington,m,USA,eval1
id11195,Tye_Sheridan,m,USA,eval1
id11196,Tyler_Blackburn,m,USA,eval1
id11197,Tyler_Hoechlin,m,USA,eval1
id11198,Tyler_James_Williams,m,USA,eval1
id11199,Usher_Raymond,m,USA,eval1
id11200,Uzo_Aduba,f,USA,eval1
id11201,Vanessa_Hudgens,f,USA,eval1
id11202,Vanessa_Lachey,f,USA,eval1
id11203,Vanessa_Marcil,f,USA,eval1
id11204,Vanilla_Ice,m,USA,eval1
id11205,Veronica_Ferres,f,Germany,eval1
id11206,Vicky_McClure,f,UK,eval1
id11207,Victoria_Justice,f,USA,eval1
id11208,Victoria_Rowell,f,USA,eval1
id11209,Vidya_Balan,f,India,eval1
id11210,Viggo_Mortensen,m,USA,eval1
id11211,Vince_Gilligan,m,USA,eval1
id11212,Vincent_Cassel,m,Norway,eval1
id11213,Vincent_Martella,m,USA,eval1
id11214,Vincent_Pastore,m,USA,eval1
id11215,Violante_Placido,f,Italy,eval1
id11216,Virginia_Madsen,f,USA,eval1
id11217,Walter_Matthau,m,USA,eval1
id11218,Walton_Goggins,m,USA,eval1
id11219,Wanda_Sykes,f,USA,eval1
id11220,Wendell_Pierce,m,USA,eval1
id11221,Wendi_McLendon-Covey,f,USA,eval1
id11222,Wendy_Williams,f,USA,eval1
id11223,Wentworth_Miller,m,USA,eval1
id11224,Wes_Bentley,m,USA,eval1
id11225,Wesley_Snipes,m,USA,eval1
id11226,Whitney_Cummings,f,USA,eval1
id11227,Will_Arnett,m,Canada,eval1
id11228,Will_Forte,m,USA,eval1
id11229,Will_Mellor,m,UK,eval1
id11230,Will_Poulter,m,UK,eval1
id11231,Will_Yun_Lee,m,USA,eval1
id11232,Willem_Dafoe,m,USA,eval1
id11233,William_Baldwin,m,USA,eval1
id11234,William_Fichtner,m,USA,eval1
id11235,William_Levy,m,USA,eval1
id11236,Wilson_Cruz,m,USA,eval1
id11237,Wim_Wenders,m,Germany,eval1
id11238,Witney_Carson,f,USA,eval1
id11239,Woody_Harrelson,m,USA,eval1
id11240,Xavier_Samuel,m,Australia,eval1
id11241,Yeardley_Smith,f,USA,eval1
id11242,Yvette_Nicole_Brown,f,USA,eval1
id11243,Zac_Efron,m,USA,eval1
id11244,Zach_Braff,m,USA,eval1
id11245,Zach_Galifianakis,m,USA,eval1
id11246,Zachary_Gordon,m,USA,eval1
id11247,Zachary_Levi,m,USA,eval1
id11248,Zachary_Quinto,m,USA,eval1
id11249,Zack_Snyder,m,USA,eval1
id11250,Zoe_Saldana,f,USA,eval1
id11251,Zulay_Henao,f,USA,eval1
